<?xml version="1.0" encoding="UTF-8" ?>
<!DOCTYPE mapper
        PUBLIC "-//mybatis.org//DTD Mapper 3.0//EN"
        "http://mybatis.org/dtd/mybatis-3-mapper.dtd">
<mapper namespace="com.itheima.mapper.PatientsMapper">
    <resultMap id="patientsMapper" type="patients">
        <id property = "id" column = "id"/>
        <result property = "name" column = "name"/>
        <result property = "gender" column = "gender"/>
        <result property = "advice" column = "advice"/>
        <association property="department" javaType="department">
            <result property="name" column="name"/>
        </association>
    </resultMap>

    <select id="findAll" resultMap="patientsMapper">
        SELECT p.*,d.name dname from patients p LEFT JOIN department d on p.did = d.id
    </select>



    <insert id="save" parameterType="patients">
        insert into
        <trim prefix="patients (" suffix=")" suffixOverrides=",">
            <if test="name!=null">
                name,
            </if>
            <if test="gender!=null">
                gender,
            </if>
            <if test="did!=null">
                did,
            </if>
            <if test="advice!=null">
                advice
            </if>
        </trim>
        <trim prefix="values (" suffix=")" suffixOverrides=",">
            <if test="name!=null">
                #{name},
            </if>
            <if test="gender!=null">
                ${gender},
            </if>
            <if test="did!=null">
                ${did},
            </if>
            <if test="advice!=null">
                ${advice}
            </if>
        </trim>


    </insert>
</mapper>