<?xml version="1.0" encoding="UTF-8"?>
<beans xmlns="http://www.springframework.org/schema/beans"
       xmlns:xsi="http://www.w3.org/2001/XMLSchema-instance"
       xmlns:context="http://www.springframework.org/schema/context"
       xmlns:mvc="http://www.springframework.org/schema/mvc"
       xsi:schemaLocation="http://www.springframework.org/schema/beans
       http://www.springframework.org/schema/beans/spring-beans.xsd
       http://www.springframework.org/schema/context
       http://www.springframework.org/schema/context/spring-context.xsd
       http://www.springframework.org/schema/mvc
        http://www.springframework.org/schema/mvc/spring-mvc.xsd">
    <!--配置组件扫描-->
    <context:component-scan base-package="com.itheima.web.controller"/>
    <!--配置mvc注解驱动-->
    <mvc:annotation-driven/>
    <!--释放静态资源-->
    <mvc:default-servlet-handler/>
    <!--配置视图解析器-->
    <bean class="org.springframework.web.servlet.view.InternalResourceViewResolver">
        <property name="prefix" value="/pages/"></property>
        <property name="suffix" value=".jsp"></property>
    </bean>
    <!--配置拦截器-->
    <mvc:interceptors>
        <mvc:interceptor>
            <!--对哪些视图资源进行拦截-->
            <mvc:mapping path="/**"/>
            <!--对合法访问资源进行排除-->
            <mvc:exclude-mapping path="/user/login"/>
            <!--利用哪个拦截器-->
            <bean class="com.itheima.intercept.LoginIntercept"/>
        </mvc:interceptor>
    </mvc:interceptors>
    <!--配置简单映射异常处理器-->
<!--    <bean class="org.springframework.web.servlet.handler.SimpleMappingExceptionResolver">-->
<!--        <property name="exceptionMappings">-->
<!--            <map>-->
<!--                <entry key="java.lang.ClassCastException" value="erro"></entry>-->
<!--            </map>-->
<!--        </property>-->
<!--    </bean>-->
    <!--配置自定义异常处理器-->
    <bean class="com.itheima.exception.MyExceptionHandler"/>
</beans>