<?xml version="1.0" encoding="UTF-8"?>
<beans xmlns="http://www.springframework.org/schema/beans"
       xmlns:xsi="http://www.w3.org/2001/XMLSchema-instance"
       xmlns:context="http://www.springframework.org/schema/context" xmlns:tx="http://www.springframework.org/schema/tx"
       xmlns:aop="http://www.springframework.org/schema/aop"
       xsi:schemaLocation="http://www.springframework.org/schema/beans
       http://www.springframework.org/schema/beans/spring-beans.xsd
       http://www.springframework.org/schema/context
        http://www.springframework.org/schema/context/spring-context.xsd http://www.springframework.org/schema/tx http://www.springframework.org/schema/tx/spring-tx.xsd http://www.springframework.org/schema/aop http://www.springframework.org/schema/aop/spring-aop.xsd">
        <!--配置组件扫描-->
    <context:component-scan base-package="com.itheima">
        <context:exclude-filter type="annotation" expression="org.springframework.stereotype.Controller"/>
    </context:component-scan>
    <!--读取配置文件-->
    <context:property-placeholder location="classpath:druid.properties"/>
    <!--配置数据源-->
    <bean id="dataSource" class="com.alibaba.druid.pool.DruidDataSource">
        <property name="driverClassName" value="${jdbcDriver}"/>
        <property name="url" value="${jdbcURL}"/>
        <property name="username" value="${jdbcUser}"/>
        <property name="password" value="${jdbcPassword}"/>
    </bean>
    <!--配置jdbctemplae-->
    <bean id="template" class="org.springframework.jdbc.core.JdbcTemplate">
        <property name="dataSource" ref="dataSource"/>
    </bean>
    <!--配置平台事务管理对象-->
    <bean  id="transactionManager" class="org.springframework.jdbc.datasource.DataSourceTransactionManager">
        <property name="dataSource" ref="dataSource"/>
    </bean>
    <!--设置事务通知，并对事务属性设置，分为读和写-->
    <tx:advice id="txAdvice"  transaction-manager="transactionManager">
        <tx:attributes>
            <tx:method name="*" read-only="false" propagation="REQUIRED"/>
            <tx:method name="find*" read-only="true" propagation="SUPPORTS"/>
        </tx:attributes>
    </tx:advice>
    <!--aop织入-->
    <aop:config>
        <!--切点表达式-->
        <aop:pointcut id="pid" expression="execution(* com.itheima.service.impl.*.*(..))"/>
        <aop:advisor advice-ref="txAdvice" pointcut-ref="pid"/>
    </aop:config>
</beans>