<?xml version="1.0" encoding="UTF-8"?>
<beans xmlns="http://www.springframework.org/schema/beans"
       xmlns:xsi="http://www.w3.org/2001/XMLSchema-instance"
       xmlns:context="http://www.springframework.org/schema/context" xmlns:tx="http://www.springframework.org/schema/tx"
       xmlns:aop="http://www.springframework.org/schema/aop"
       xsi:schemaLocation="http://www.springframework.org/schema/beans
       http://www.springframework.org/schema/beans/spring-beans.xsd
        http://www.springframework.org/schema/context
        http://www.springframework.org/schema/context/spring-context.xsd http://www.springframework.org/schema/tx http://www.springframework.org/schema/tx/spring-tx.xsd http://www.springframework.org/schema/aop http://www.springframework.org/schema/aop/spring-aop.xsd">
        <!--组件扫描-->
    <context:component-scan base-package="com.itheima">
            <context:exclude-filter type="annotation" expression="org.springframework.stereotype.Controller"/>
    </context:component-scan>
        <!--加载外部资源文件-->
        <context:property-placeholder location="classpath:druid.properties"/>
        <!--配置数据源-->
        <bean id="dataSource" class="com.alibaba.druid.pool.DruidDataSource">
                <property name="driverClassName" value="${jdbcDriver}"/>
                <property name="url" value="${jdbcURL}"/>
                <property name="username" value="${jdbcUser}"/>
                <property name="password" value="${jdbcPassword}"/>
        </bean>
        <!--mybatis配置-->
        <bean class="org.mybatis.spring.SqlSessionFactoryBean">
                <!--注入数据源-->
                <property name="dataSource" ref="dataSource"/>
                <!--别名,包方式-->
                <property name="typeAliasesPackage" value="com.itheima.domain"/>
        </bean>
        <!--mapper代理对象-->
        <bean class="org.mybatis.spring.mapper.MapperScannerConfigurer">
                <property name="basePackage" value="com.itheima.mapper"/>
        </bean>
        <!--事务管理对象-->
        <bean id="transactionManager" class="org.springframework.jdbc.datasource.DataSourceTransactionManager">
                <property name="dataSource" ref="dataSource"/>
        </bean>
        <!--事务通知配置-->
       <tx:advice id="txAdvice" transaction-manager="transactionManager">
               <tx:attributes>
                       <tx:method name="*" read-only="false" propagation="REQUIRED" isolation="DEFAULT"/>
                       <tx:method name="find*" read-only="true" propagation="SUPPORTS" isolation="DEFAULT"/>
               </tx:attributes>
       </tx:advice>
        <!--aop织入-->
        <aop:config>
                <!--切点表达式-->
                <aop:pointcut id="pid" expression="execution(* com.itheima.service.impl.*.*(..))"/>
                <aop:advisor advice-ref="txAdvice" pointcut-ref="pid"/>
        </aop:config>
</beans>
