<?xml version="1.0" encoding="UTF-8"?>
<beans xmlns="http://www.springframework.org/schema/beans"
       xmlns:xsi="http://www.w3.org/2001/XMLSchema-instance"
       xmlns:context="http://www.springframework.org/schema/context" xmlns:tx="http://www.springframework.org/schema/tx"
       xmlns:aop="http://www.springframework.org/schema/aop"
       xsi:schemaLocation="http://www.springframework.org/schema/beans http://www.springframework.org/schema/beans/spring-beans.xsd http://www.springframework.org/schema/context http://www.springframework.org/schema/context/spring-context.xsd http://www.springframework.org/schema/tx http://www.springframework.org/schema/tx/spring-tx.xsd http://www.springframework.org/schema/aop http://www.springframework.org/schema/aop/spring-aop.xsd">
        <!--组件扫描,排除controller-->
    <context:component-scan base-package="com.itheima">
        <context:exclude-filter type="annotation" expression="org.springframework.stereotype.Controller"/>
    </context:component-scan>
    <!--引入外部资源文件-->
    <context:property-placeholder location="classpath:druid.properties"/>
    <!--配置数据源-->
    <bean id="dataSource" class="com.alibaba.druid.pool.DruidDataSource">
        <property name="driverClassName" value="${jdbcDriver}"/>
        <property name="url" value="${jdbcURL}"/>
        <property name="username" value="${jdbcUser}"/>
        <property name="password" value="${jdbcPassword}"/>
    </bean>
<!--    <bean id="" class="com.github.pagehelper.PageHelper">-->
<!--        <property name="properties"-->
<!--    </bean>-->
    <!--配置mybatis核心配置文件的替代-->
    <bean id="sessionFactoryBean" class="org.mybatis.spring.SqlSessionFactoryBean">
        <!--注入数据源-->
        <property name="dataSource" ref="dataSource"/>
        <!--加载映射文件，spring可以自动为我们加载，所以这里不配置-->
        <!--取别名-->
        <property name="typeAliasesPackage" value="com.itheima.domain"/>
        <!--分页插件的引入-->
        <property name="plugins">
            <array>
                <bean class="com.github.pagehelper.PageInterceptor">
                    <property name="properties">
                        <props>
                            <!--方言-->
                            <prop key="helperDialect">mysql</prop>
                            <!--是否自动处理首位页面，即不会超限-->
                            <prop key="reasonable">true</prop>
                        </props>
                    </property>
                </bean>
            </array>
        </property>
    </bean>
    <!--mapper代理对象的获取，通过包扫描的方式，spirng自动为我们创建代理对象，使用的时候注入即可-->
    <bean class="org.mybatis.spring.mapper.MapperScannerConfigurer">
        <!--这里相当于sqlssion对象，想要获取代理对象必须要factory的支持so...可以不配置-->
<!--        <property name="sqlSessionFactoryBeanName" value="sessionFactoryBean"/>-->
        <!--扫描mapper-->
        <property name="basePackage" value="com.itheima.mapper"/>
    </bean>
    <!--事务管理平台-->
    <bean id="transactionManager" class="org.springframework.jdbc.datasource.DataSourceTransactionManager">
        <property name="dataSource" ref="dataSource"/>
    </bean>
    <!--事务通知-->
    <tx:advice id="txAdvice" transaction-manager="transactionManager">
        <!--事务的相关属性-->
        <tx:attributes>
            <tx:method name="*" read-only="false" propagation="REQUIRED" />
            <tx:method name="find*" read-only="true" propagation="SUPPORTS" />
        </tx:attributes>
    </tx:advice>
    <!--aop织入-->
    <aop:config>
        <aop:pointcut id="pid" expression="execution(* com.itheima.service.impl.*.*(..))"/>
        <aop:advisor advice-ref="txAdvice" pointcut-ref="pid"/>
    </aop:config>
    
</beans>